sample-id	SampleNO	SampleName	categery	sub_categery	freshwaterCom	brackishwaterCom	watertype	passage	replicate	27FBarcodeNumber	1492RBarcodeNumber
S1	1	Muhlendamm	field	Muhlendamm	field	field	b	p0	Muhlendamm	27F-NB01	1492R-NB01
S2	2	Stadthafen	field	Stadthafen	field	field	field	p0	Stadthafen	27F-NB01	1492R-NB02
S3	3	SABMarinaBramow	field	SABMarinaBramow	field	field	field	p0	SABMarinaBramow	27F-NB01	1492R-NB03
S4	4	IGAPark	field	IGAPark	field	field	field	p0	IGAPark	27F-NB01	1492R-NB04
S5	5	NeptunWerft	field	NeptunWerft	field	field	field	p0	NeptunWerft	27F-NB01	1492R-NB05
S6	6	MittelmoleWarnemunde	field	MittelmoleWarnemunde	field	field	field	p0	MittelmoleWarnemunde	27F-NB01	1492R-NB06
S7	7	WarnemundeStrand	field	WarnemundeStrand	field	field	field	p0	WarnemundeStrand	27F-NB01	1492R-NB07
S8	8	FieldBlank	control	field_control	control	field	f	p0	FieldBlank	27F-NB01	1492R-NB08
S9	9	f0_b100_b_p1_r1	microcosm	microcosm	f0	b100	b	p1	r1	27F-NB01	1492R-NB09
S10	10	f0_b100_b_p1_r2	microcosm	microcosm	f0	b100	b	p1	r2	27F-NB01	1492R-NB10
S11	11	f0_b100_b_p1_r3	microcosm	microcosm	f0	b100	b	p1	r3	27F-NB01	1492R-NB11
S12	12	f0_b100_b_p1_r4	microcosm	microcosm	f0	b100	b	p1	r4	27F-NB01	1492R-NB12
S13	13	f25_b75_b_p1_r1	microcosm	microcosm	f25	b75	b	p1	r1	27F-NB01	1492R-NB13
S14	14	f25_b75_b_p1_r2	microcosm	microcosm	f25	b75	b	p1	r2	27F-NB01	1492R-NB14
S15	15	f25_b75_b_p1_r3	microcosm	microcosm	f25	b75	b	p1	r3	27F-NB01	1492R-NB15
S16	16	f25_b75_b_p1_r4	microcosm	microcosm	f25	b75	b	p1	r4	27F-NB01	1492R-NB16
S17	17	f50_b50_b_p1_r1	microcosm	microcosm	f50	b50	b	p1	r1	27F-NB02	1492R-NB01
S18	18	f50_b50_b_p1_r2	microcosm	microcosm	f50	b50	b	p1	r2	27F-NB02	1492R-NB02
S19	19	f50_b50_b_p1_r3	microcosm	microcosm	f50	b50	b	p1	r3	27F-NB02	1492R-NB03
S20	20	f50_b50_b_p1_r4	microcosm	microcosm	f50	b50	b	p1	r4	27F-NB02	1492R-NB04
S21	21	f75_b25_b_p1_r1	microcosm	microcosm	f75	b25	b	p1	r1	27F-NB02	1492R-NB05
S22	22	f75_b25_b_p1_r2	microcosm	microcosm	f75	b25	b	p1	r2	27F-NB02	1492R-NB06
S23	23	f75_b25_b_p1_r3	microcosm	microcosm	f75	b25	b	p1	r3	27F-NB02	1492R-NB07
S24	24	f75_b25_b_p1_r4	microcosm	microcosm	f75	b25	b	p1	r4	27F-NB02	1492R-NB08
S25	25	f100_b0_b_p1_r1	microcosm	microcosm	f100	b0	b	p1	r1	27F-NB02	1492R-NB09
S26	26	f100_b0_b_p1_r2	microcosm	microcosm	f100	b0	b	p1	r2	27F-NB02	1492R-NB10
S27	27	f100_b0_b_p1_r3	microcosm	microcosm	f100	b0	b	p1	r3	27F-NB02	1492R-NB11
S28	28	f100_b0_b_p1_r4	microcosm	microcosm	f100	b0	b	p1	r4	27F-NB02	1492R-NB12
S29	29	f0_b100_f_p1_r1	microcosm	microcosm	f0	b100	f	p1	r1	27F-NB02	1492R-NB13
S30	30	f0_b100_f_p1_r2	microcosm	microcosm	f0	b100	f	p1	r2	27F-NB02	1492R-NB14
S31	31	f0_b100_f_p1_r3	microcosm	microcosm	f0	b100	f	p1	r3	27F-NB02	1492R-NB15
S32	32	f0_b100_f_p1_r4	microcosm	microcosm	f0	b100	f	p1	r4	27F-NB02	1492R-NB16
S33	33	f25_b75_f_p1_r1	microcosm	microcosm	f25	b75	f	p1	r1	27F-NB03	1492R-NB01
S34	34	f25_b75_f_p1_r2	microcosm	microcosm	f25	b75	f	p1	r2	27F-NB03	1492R-NB02
S35	35	f25_b75_f_p1_r3	microcosm	microcosm	f25	b75	f	p1	r3	27F-NB03	1492R-NB03
S36	36	f25_b75_f_p1_r4	microcosm	microcosm	f25	b75	f	p1	r4	27F-NB03	1492R-NB04
S37	37	f50_b50_f_p1_r1	microcosm	microcosm	f50	b50	f	p1	r1	27F-NB03	1492R-NB05
S38	38	f50_b50_f_p1_r2	microcosm	microcosm	f50	b50	f	p1	r2	27F-NB03	1492R-NB06
S39	39	f50_b50_f_p1_r3	microcosm	microcosm	f50	b50	f	p1	r3	27F-NB03	1492R-NB07
S40	40	f50_b50_f_p1_r4	microcosm	microcosm	f50	b50	f	p1	r4	27F-NB03	1492R-NB08
S41	41	f75_b25_f_p1_r1	microcosm	microcosm	f75	b25	f	p1	r1	27F-NB03	1492R-NB09
S42	42	f75_b25_f_p1_r2	microcosm	microcosm	f75	b25	f	p1	r2	27F-NB03	1492R-NB10
S43	43	f75_b25_f_p1_r3	microcosm	microcosm	f75	b25	f	p1	r3	27F-NB03	1492R-NB11
S44	44	f75_b25_f_p1_r4	microcosm	microcosm	f75	b25	f	p1	r4	27F-NB03	1492R-NB12
S45	45	f100_b0_f_p1_r1	microcosm	microcosm	f100	b0	f	p1	r1	27F-NB03	1492R-NB13
S46	46	f100_b0_f_p1_r2	microcosm	microcosm	f100	b0	f	p1	r2	27F-NB03	1492R-NB14
S47	47	f100_b0_f_p1_r3	microcosm	microcosm	f100	b0	f	p1	r3	27F-NB03	1492R-NB15
S48	48	f100_b0_f_p1_r4	microcosm	microcosm	f100	b0	f	p1	r4	27F-NB03	1492R-NB16
S49	49	f0_b0_f_p1_r1	control	microcosm_control	f0	b0	f	p1	r1	27F-NB04	1492R-NB01
S50	50	f0_b0_b_p1_r1	control	microcosm_control	f0	b0	b	p1	r1	27F-NB04	1492R-NB02
S51	51	f0_b100_b_p2_r1	microcosm	microcosm	f0	b100	b	p2	r1	27F-NB04	1492R-NB03
S52	52	f0_b100_b_p2_r2	microcosm	microcosm	f0	b100	b	p2	r2	27F-NB04	1492R-NB04
S53	53	f0_b100_b_p2_r3	microcosm	microcosm	f0	b100	b	p2	r3	27F-NB04	1492R-NB05
S54	54	f0_b100_b_p2_r4	microcosm	microcosm	f0	b100	b	p2	r4	27F-NB04	1492R-NB06
S55	55	f25_b75_b_p2_r1	microcosm	microcosm	f25	b75	b	p2	r1	27F-NB04	1492R-NB07
S56	56	f25_b75_b_p2_r2	microcosm	microcosm	f25	b75	b	p2	r2	27F-NB04	1492R-NB08
S57	57	f25_b75_b_p2_r3	microcosm	microcosm	f25	b75	b	p2	r3	27F-NB04	1492R-NB09
S58	58	f25_b75_b_p2_r4	microcosm	microcosm	f25	b75	b	p2	r4	27F-NB04	1492R-NB10
S59	59	f50_b50_b_p2_r1	microcosm	microcosm	f50	b50	b	p2	r1	27F-NB04	1492R-NB11
S60	60	f50_b50_b_p2_r2	microcosm	microcosm	f50	b50	b	p2	r2	27F-NB04	1492R-NB12
S61	61	f50_b50_b_p2_r3	microcosm	microcosm	f50	b50	b	p2	r3	27F-NB04	1492R-NB13
S62	62	f50_b50_b_p2_r4	microcosm	microcosm	f50	b50	b	p2	r4	27F-NB04	1492R-NB14
S63	63	f75_b25_b_p2_r1	microcosm	microcosm	f75	b25	b	p2	r1	27F-NB04	1492R-NB15
S64	64	f75_b25_b_p2_r2	microcosm	microcosm	f75	b25	b	p2	r2	27F-NB04	1492R-NB16
S65	65	f75_b25_b_p2_r3	microcosm	microcosm	f75	b25	b	p2	r3	27F-NB05	1492R-NB01
S66	66	f75_b25_b_p2_r4	microcosm	microcosm	f75	b25	b	p2	r4	27F-NB05	1492R-NB02
S67	67	f100_b0_b_p2_r1	microcosm	microcosm	f100	b0	b	p2	r1	27F-NB05	1492R-NB03
S68	68	f100_b0_b_p2_r2	microcosm	microcosm	f100	b0	b	p2	r2	27F-NB05	1492R-NB04
S69	69	f100_b0_b_p2_r3	microcosm	microcosm	f100	b0	b	p2	r3	27F-NB05	1492R-NB05
S70	70	f100_b0_b_p2_r4	microcosm	microcosm	f100	b0	b	p2	r4	27F-NB05	1492R-NB06
S71	71	f0_b100_f_p2_r1	microcosm	microcosm	f0	b100	f	p2	r1	27F-NB05	1492R-NB07
S72	72	f0_b100_f_p2_r2	microcosm	microcosm	f0	b100	f	p2	r2	27F-NB05	1492R-NB08
S73	73	f0_b100_f_p2_r3	microcosm	microcosm	f0	b100	f	p2	r3	27F-NB05	1492R-NB09
S74	74	f0_b100_f_p2_r4	microcosm	microcosm	f0	b100	f	p2	r4	27F-NB05	1492R-NB10
S75	75	f25_b75_f_p2_r1	microcosm	microcosm	f25	b75	f	p2	r1	27F-NB05	1492R-NB11
S76	76	f25_b75_f_p2_r2	microcosm	microcosm	f25	b75	f	p2	r2	27F-NB05	1492R-NB12
S77	77	f25_b75_f_p2_r3	microcosm	microcosm	f25	b75	f	p2	r3	27F-NB05	1492R-NB13
S78	78	f25_b75_f_p2_r4	microcosm	microcosm	f25	b75	f	p2	r4	27F-NB05	1492R-NB14
S79	79	f50_b50_f_p2_r1	microcosm	microcosm	f50	b50	f	p2	r1	27F-NB05	1492R-NB15
S80	80	f50_b50_f_p2_r2	microcosm	microcosm	f50	b50	f	p2	r2	27F-NB05	1492R-NB16
S81	81	f50_b50_f_p2_r3	microcosm	microcosm	f50	b50	f	p2	r3	27F-NB06	1492R-NB01
S82	82	f50_b50_f_p2_r4	microcosm	microcosm	f50	b50	f	p2	r4	27F-NB06	1492R-NB02
S83	83	f75_b25_f_p2_r1	microcosm	microcosm	f75	b25	f	p2	r1	27F-NB06	1492R-NB03
S84	84	f75_b25_f_p2_r2	microcosm	microcosm	f75	b25	f	p2	r2	27F-NB06	1492R-NB04
S85	85	f75_b25_f_p2_r3	microcosm	microcosm	f75	b25	f	p2	r3	27F-NB06	1492R-NB05
S86	86	f75_b25_f_p2_r4	microcosm	microcosm	f75	b25	f	p2	r4	27F-NB06	1492R-NB06
S87	87	f100_b0_f_p2_r1	microcosm	microcosm	f100	b0	f	p2	r1	27F-NB06	1492R-NB07
S88	88	f100_b0_f_p2_r2	microcosm	microcosm	f100	b0	f	p2	r2	27F-NB06	1492R-NB08
S89	89	f100_b0_f_p2_r3	microcosm	microcosm	f100	b0	f	p2	r3	27F-NB06	1492R-NB09
S90	90	f100_b0_f_p2_r4	microcosm	microcosm	f100	b0	f	p2	r4	27F-NB06	1492R-NB10
S91	91	f0_b0_f_p2_r1	control	microcosm_control	f0	b0	f	p2	r1	27F-NB06	1492R-NB11
S92	92	f0_b0_b_p2_r1	control	microcosm_control	f0	b0	b	p2	r1	27F-NB06	1492R-NB12
S93	93	f0_b100_b_p3_r1	microcosm	microcosm	f0	b100	b	p3	r1	27F-NB06	1492R-NB13
S94	94	f0_b100_b_p3_r2	microcosm	microcosm	f0	b100	b	p3	r2	27F-NB06	1492R-NB14
S95	95	f0_b100_b_p3_r3	microcosm	microcosm	f0	b100	b	p3	r3	27F-NB06	1492R-NB15
S96	96	f0_b100_b_p3_r4	microcosm	microcosm	f0	b100	b	p3	r4	27F-NB06	1492R-NB16
S97	97	f25_b75_b_p3_r1	microcosm	microcosm	f25	b75	b	p3	r1	27F-NB07	1492R-NB01
S98	98	f25_b75_b_p3_r2	microcosm	microcosm	f25	b75	b	p3	r2	27F-NB07	1492R-NB02
S99	99	f25_b75_b_p3_r3	microcosm	microcosm	f25	b75	b	p3	r3	27F-NB07	1492R-NB03
S100	100	f25_b75_b_p3_r4	microcosm	microcosm	f25	b75	b	p3	r4	27F-NB07	1492R-NB04
S101	101	f50_b50_b_p3_r1	microcosm	microcosm	f50	b50	b	p3	r1	27F-NB07	1492R-NB05
S102	102	f50_b50_b_p3_r2	microcosm	microcosm	f50	b50	b	p3	r2	27F-NB07	1492R-NB06
S103	103	f50_b50_b_p3_r3	microcosm	microcosm	f50	b50	b	p3	r3	27F-NB07	1492R-NB07
S104	104	f50_b50_b_p3_r4	microcosm	microcosm	f50	b50	b	p3	r4	27F-NB07	1492R-NB08
S105	105	f75_b25_b_p3_r1	microcosm	microcosm	f75	b25	b	p3	r1	27F-NB07	1492R-NB09
S106	106	f75_b25_b_p3_r2	microcosm	microcosm	f75	b25	b	p3	r2	27F-NB07	1492R-NB10
S107	107	f75_b25_b_p3_r3	microcosm	microcosm	f75	b25	b	p3	r3	27F-NB07	1492R-NB11
S108	108	f75_b25_b_p3_r4	microcosm	microcosm	f75	b25	b	p3	r4	27F-NB07	1492R-NB12
S109	109	f100_b0_b_p3_r1	microcosm	microcosm	f100	b0	b	p3	r1	27F-NB07	1492R-NB13
S110	110	f100_b0_b_p3_r2	microcosm	microcosm	f100	b0	b	p3	r2	27F-NB07	1492R-NB14
S111	111	f100_b0_b_p3_r3	microcosm	microcosm	f100	b0	b	p3	r3	27F-NB07	1492R-NB15
S112	112	f100_b0_b_p3_r4	microcosm	microcosm	f100	b0	b	p3	r4	27F-NB07	1492R-NB16
S113	113	f0_b100_f_p3_r1	microcosm	microcosm	f0	b100	f	p3	r1	27F-NB08	1492R-NB01
S114	114	f0_b100_f_p3_r2	microcosm	microcosm	f0	b100	f	p3	r2	27F-NB08	1492R-NB02
S115	115	f0_b100_f_p3_r3	microcosm	microcosm	f0	b100	f	p3	r3	27F-NB08	1492R-NB03
S116	116	f0_b100_f_p3_r4	microcosm	microcosm	f0	b100	f	p3	r4	27F-NB08	1492R-NB04
S117	117	f25_b75_f_p3_r1	microcosm	microcosm	f25	b75	f	p3	r1	27F-NB08	1492R-NB05
S118	118	f25_b75_f_p3_r2	microcosm	microcosm	f25	b75	f	p3	r2	27F-NB08	1492R-NB06
S119	119	f25_b75_f_p3_r3	microcosm	microcosm	f25	b75	f	p3	r3	27F-NB08	1492R-NB07
S120	120	f25_b75_f_p3_r4	microcosm	microcosm	f25	b75	f	p3	r4	27F-NB08	1492R-NB08
S121	121	f50_b50_f_p3_r1	microcosm	microcosm	f50	b50	f	p3	r1	27F-NB08	1492R-NB09
S122	122	f50_b50_f_p3_r2	microcosm	microcosm	f50	b50	f	p3	r2	27F-NB08	1492R-NB10
S123	123	f50_b50_f_p3_r3	microcosm	microcosm	f50	b50	f	p3	r3	27F-NB08	1492R-NB11
S124	124	f50_b50_f_p3_r4	microcosm	microcosm	f50	b50	f	p3	r4	27F-NB08	1492R-NB12
S125	125	f75_b25_f_p3_r1	microcosm	microcosm	f75	b25	f	p3	r1	27F-NB08	1492R-NB13
S126	126	f75_b25_f_p3_r2	microcosm	microcosm	f75	b25	f	p3	r2	27F-NB08	1492R-NB14
S127	127	f75_b25_f_p3_r3	microcosm	microcosm	f75	b25	f	p3	r3	27F-NB08	1492R-NB15
S128	128	f75_b25_f_p3_r4	microcosm	microcosm	f75	b25	f	p3	r4	27F-NB08	1492R-NB16
S129	129	f100_b0_f_p3_r1	microcosm	microcosm	f100	b0	f	p3	r1	27F-NB09	1492R-NB01
S130	130	f100_b0_f_p3_r2	microcosm	microcosm	f100	b0	f	p3	r2	27F-NB09	1492R-NB02
S131	131	f100_b0_f_p3_r3	microcosm	microcosm	f100	b0	f	p3	r3	27F-NB09	1492R-NB03
S132	132	f100_b0_f_p3_r4	microcosm	microcosm	f100	b0	f	p3	r4	27F-NB09	1492R-NB04
S133	133	f0_b0_f_p3_r1	control	microcosm_control	f0	b0	f	p3	r1	27F-NB09	1492R-NB05
S134	134	f0_b0_b_p3_r1	control	microcosm_control	f0	b0	b	p3	r1	27F-NB09	1492R-NB06
S135	135	f0_b100_b_p4_r1	microcosm	microcosm	f0	b100	b	p4	r1	27F-NB09	1492R-NB07
S136	136	f0_b100_b_p4_r2	microcosm	microcosm	f0	b100	b	p4	r2	27F-NB09	1492R-NB08
S137	137	f0_b100_b_p4_r3	microcosm	microcosm	f0	b100	b	p4	r3	27F-NB09	1492R-NB09
S138	138	f0_b100_b_p4_r4	microcosm	microcosm	f0	b100	b	p4	r4	27F-NB09	1492R-NB10
S139	139	f25_b75_b_p4_r1	microcosm	microcosm	f25	b75	b	p4	r1	27F-NB09	1492R-NB11
S140	140	f25_b75_b_p4_r2	microcosm	microcosm	f25	b75	b	p4	r2	27F-NB09	1492R-NB12
S141	141	f25_b75_b_p4_r3	microcosm	microcosm	f25	b75	b	p4	r3	27F-NB09	1492R-NB13
S142	142	f25_b75_b_p4_r4	microcosm	microcosm	f25	b75	b	p4	r4	27F-NB09	1492R-NB14
S143	143	f50_b50_b_p4_r1	microcosm	microcosm	f50	b50	b	p4	r1	27F-NB09	1492R-NB15
S144	144	f50_b50_b_p4_r2	microcosm	microcosm	f50	b50	b	p4	r2	27F-NB09	1492R-NB16
S145	145	f50_b50_b_p4_r3	microcosm	microcosm	f50	b50	b	p4	r3	27F-NB10	1492R-NB01
S146	146	f50_b50_b_p4_r4	microcosm	microcosm	f50	b50	b	p4	r4	27F-NB10	1492R-NB02
S147	147	f75_b25_b_p4_r1	microcosm	microcosm	f75	b25	b	p4	r1	27F-NB10	1492R-NB03
S148	148	f75_b25_b_p4_r2	microcosm	microcosm	f75	b25	b	p4	r2	27F-NB10	1492R-NB04
S149	149	f75_b25_b_p4_r3	microcosm	microcosm	f75	b25	b	p4	r3	27F-NB10	1492R-NB05
S150	150	f75_b25_b_p4_r4	microcosm	microcosm	f75	b25	b	p4	r4	27F-NB10	1492R-NB06
S151	151	f100_b0_b_p4_r1	microcosm	microcosm	f100	b0	b	p4	r1	27F-NB10	1492R-NB07
S152	152	f100_b0_b_p4_r2	microcosm	microcosm	f100	b0	b	p4	r2	27F-NB10	1492R-NB08
S153	153	f100_b0_b_p4_r3	microcosm	microcosm	f100	b0	b	p4	r3	27F-NB10	1492R-NB09
S154	154	f100_b0_b_p4_r4	microcosm	microcosm	f100	b0	b	p4	r4	27F-NB10	1492R-NB10
S155	155	f0_b100_f_p4_r1	microcosm	microcosm	f0	b100	f	p4	r1	27F-NB10	1492R-NB11
S156	156	f0_b100_f_p4_r2	microcosm	microcosm	f0	b100	f	p4	r2	27F-NB10	1492R-NB12
S157	157	f0_b100_f_p4_r3	microcosm	microcosm	f0	b100	f	p4	r3	27F-NB10	1492R-NB13
S158	158	f0_b100_f_p4_r4	microcosm	microcosm	f0	b100	f	p4	r4	27F-NB10	1492R-NB14
S159	159	f25_b75_f_p4_r1	microcosm	microcosm	f25	b75	f	p4	r1	27F-NB10	1492R-NB15
S160	160	f25_b75_f_p4_r2	microcosm	microcosm	f25	b75	f	p4	r2	27F-NB10	1492R-NB16
S161	161	f25_b75_f_p4_r3	microcosm	microcosm	f25	b75	f	p4	r3	27F-NB11	1492R-NB01
S162	162	f25_b75_f_p4_r4	microcosm	microcosm	f25	b75	f	p4	r4	27F-NB11	1492R-NB02
S163	163	f50_b50_f_p4_r1	microcosm	microcosm	f50	b50	f	p4	r1	27F-NB11	1492R-NB03
S164	164	f50_b50_f_p4_r2	microcosm	microcosm	f50	b50	f	p4	r2	27F-NB11	1492R-NB04
S165	165	f50_b50_f_p4_r3	microcosm	microcosm	f50	b50	f	p4	r3	27F-NB11	1492R-NB05
S166	166	f50_b50_f_p4_r4	microcosm	microcosm	f50	b50	f	p4	r4	27F-NB11	1492R-NB06
S167	167	f75_b25_f_p4_r1	microcosm	microcosm	f75	b25	f	p4	r1	27F-NB11	1492R-NB07
S168	168	f75_b25_f_p4_r2	microcosm	microcosm	f75	b25	f	p4	r2	27F-NB11	1492R-NB08
S169	169	f75_b25_f_p4_r3	microcosm	microcosm	f75	b25	f	p4	r3	27F-NB11	1492R-NB09
S170	170	f75_b25_f_p4_r4	microcosm	microcosm	f75	b25	f	p4	r4	27F-NB11	1492R-NB10
S171	171	f100_b0_f_p4_r1	microcosm	microcosm	f100	b0	f	p4	r1	27F-NB11	1492R-NB11
S172	172	f100_b0_f_p4_r2	microcosm	microcosm	f100	b0	f	p4	r2	27F-NB11	1492R-NB12
S173	173	f100_b0_f_p4_r3	microcosm	microcosm	f100	b0	f	p4	r3	27F-NB11	1492R-NB13
S174	174	f100_b0_f_p4_r4	microcosm	microcosm	f100	b0	f	p4	r4	27F-NB11	1492R-NB14
S175	175	f0_b0_f_p4_r1	control	microcosm_control	f0	b0	f	p4	r1	27F-NB11	1492R-NB15
S176	176	f0_b0_b_p4_r1	control	microcosm_control	f0	b0	b	p4	r1	27F-NB11	1492R-NB16
S177	177	f0_b100_b_p5_r1	microcosm	microcosm	f0	b100	b	p5	r1	27F-NB12	1492R-NB01
S178	178	f0_b100_b_p5_r2	microcosm	microcosm	f0	b100	b	p5	r2	27F-NB12	1492R-NB02
S179	179	f0_b100_b_p5_r3	microcosm	microcosm	f0	b100	b	p5	r3	27F-NB12	1492R-NB03
S180	180	f0_b100_b_p5_r4	microcosm	microcosm	f0	b100	b	p5	r4	27F-NB12	1492R-NB04
S181	181	f25_b75_b_p5_r1	microcosm	microcosm	f25	b75	b	p5	r1	27F-NB12	1492R-NB05
S182	182	f25_b75_b_p5_r2	microcosm	microcosm	f25	b75	b	p5	r2	27F-NB12	1492R-NB06
S183	183	f25_b75_b_p5_r3	microcosm	microcosm	f25	b75	b	p5	r3	27F-NB12	1492R-NB07
S184	184	f25_b75_b_p5_r4	microcosm	microcosm	f25	b75	b	p5	r4	27F-NB12	1492R-NB08
S185	185	f50_b50_b_p5_r1	microcosm	microcosm	f50	b50	b	p5	r1	27F-NB12	1492R-NB09
S186	186	f50_b50_b_p5_r2	microcosm	microcosm	f50	b50	b	p5	r2	27F-NB12	1492R-NB10
S187	187	f50_b50_b_p5_r3	microcosm	microcosm	f50	b50	b	p5	r3	27F-NB12	1492R-NB11
S188	188	f50_b50_b_p5_r4	microcosm	microcosm	f50	b50	b	p5	r4	27F-NB12	1492R-NB12
S189	189	f75_b25_b_p5_r1	microcosm	microcosm	f75	b25	b	p5	r1	27F-NB12	1492R-NB13
S190	190	f75_b25_b_p5_r2	microcosm	microcosm	f75	b25	b	p5	r2	27F-NB12	1492R-NB14
S191	191	f75_b25_b_p5_r3	microcosm	microcosm	f75	b25	b	p5	r3	27F-NB12	1492R-NB15
S192	192	f75_b25_b_p5_r4	microcosm	microcosm	f75	b25	b	p5	r4	27F-NB12	1492R-NB16
S193	193	f100_b0_b_p5_r1	microcosm	microcosm	f100	b0	b	p5	r1	27F-NB13	1492R-NB01
S194	194	f100_b0_b_p5_r2	microcosm	microcosm	f100	b0	b	p5	r2	27F-NB13	1492R-NB02
S195	195	f100_b0_b_p5_r3	microcosm	microcosm	f100	b0	b	p5	r3	27F-NB13	1492R-NB03
S196	196	f100_b0_b_p5_r4	microcosm	microcosm	f100	b0	b	p5	r4	27F-NB13	1492R-NB04
S197	197	f0_b100_f_p5_r1	microcosm	microcosm	f0	b100	f	p5	r1	27F-NB13	1492R-NB05
S198	198	f0_b100_f_p5_r2	microcosm	microcosm	f0	b100	f	p5	r2	27F-NB13	1492R-NB06
S199	199	f0_b100_f_p5_r3	microcosm	microcosm	f0	b100	f	p5	r3	27F-NB13	1492R-NB07
S200	200	f0_b100_f_p5_r4	microcosm	microcosm	f0	b100	f	p5	r4	27F-NB13	1492R-NB08
S201	201	f25_b75_f_p5_r1	microcosm	microcosm	f25	b75	f	p5	r1	27F-NB13	1492R-NB09
S202	202	f25_b75_f_p5_r2	microcosm	microcosm	f25	b75	f	p5	r2	27F-NB13	1492R-NB10
S203	203	f25_b75_f_p5_r3	microcosm	microcosm	f25	b75	f	p5	r3	27F-NB13	1492R-NB11
S204	204	f25_b75_f_p5_r4	microcosm	microcosm	f25	b75	f	p5	r4	27F-NB13	1492R-NB12
S205	205	f50_b50_f_p5_r1	microcosm	microcosm	f50	b50	f	p5	r1	27F-NB13	1492R-NB13
S206	206	f50_b50_f_p5_r2	microcosm	microcosm	f50	b50	f	p5	r2	27F-NB13	1492R-NB14
S207	207	f50_b50_f_p5_r3	microcosm	microcosm	f50	b50	f	p5	r3	27F-NB13	1492R-NB15
S208	208	f50_b50_f_p5_r4	microcosm	microcosm	f50	b50	f	p5	r4	27F-NB13	1492R-NB16
S209	209	f75_b25_f_p5_r1	microcosm	microcosm	f75	b25	f	p5	r1	27F-NB14	1492R-NB01
S210	210	f75_b25_f_p5_r2	microcosm	microcosm	f75	b25	f	p5	r2	27F-NB14	1492R-NB02
S211	211	f75_b25_f_p5_r3	microcosm	microcosm	f75	b25	f	p5	r3	27F-NB14	1492R-NB03
S212	212	f75_b25_f_p5_r4	microcosm	microcosm	f75	b25	f	p5	r4	27F-NB14	1492R-NB04
S213	213	f100_b0_f_p5_r1	microcosm	microcosm	f100	b0	f	p5	r1	27F-NB14	1492R-NB05
S214	214	f100_b0_f_p5_r2	microcosm	microcosm	f100	b0	f	p5	r2	27F-NB14	1492R-NB06
S215	215	f100_b0_f_p5_r3	microcosm	microcosm	f100	b0	f	p5	r3	27F-NB14	1492R-NB07
S216	216	f100_b0_f_p5_r4	microcosm	microcosm	f100	b0	f	p5	r4	27F-NB14	1492R-NB08
S217	217	f0_b0_f_p5_r1	control	microcosm_control	f0	b0	f	p5	r1	27F-NB14	1492R-NB09
S218	218	f0_b0_b_p5_r1	control	microcosm_control	f0	b0	b	p5	r1	27F-NB14	1492R-NB10
S219	219	f0_b100_b_p6_r1	microcosm	microcosm	f0	b100	b	p6	r1	27F-NB14	1492R-NB11
S220	220	f0_b100_b_p6_r2	microcosm	microcosm	f0	b100	b	p6	r2	27F-NB14	1492R-NB12
S221	221	f0_b100_b_p6_r3	microcosm	microcosm	f0	b100	b	p6	r3	27F-NB14	1492R-NB13
S222	222	f0_b100_b_p6_r4	microcosm	microcosm	f0	b100	b	p6	r4	27F-NB14	1492R-NB14
S223	223	f25_b75_b_p6_r1	microcosm	microcosm	f25	b75	b	p6	r1	27F-NB14	1492R-NB15
S224	224	f25_b75_b_p6_r2	microcosm	microcosm	f25	b75	b	p6	r2	27F-NB14	1492R-NB16
S225	225	f25_b75_b_p6_r3	microcosm	microcosm	f25	b75	b	p6	r3	27F-NB15	1492R-NB01
S226	226	f25_b75_b_p6_r4	microcosm	microcosm	f25	b75	b	p6	r4	27F-NB15	1492R-NB02
S227	227	f50_b50_b_p6_r1	microcosm	microcosm	f50	b50	b	p6	r1	27F-NB15	1492R-NB03
S228	228	f50_b50_b_p6_r2	microcosm	microcosm	f50	b50	b	p6	r2	27F-NB15	1492R-NB04
S229	229	f50_b50_b_p6_r3	microcosm	microcosm	f50	b50	b	p6	r3	27F-NB15	1492R-NB05
S230	230	f50_b50_b_p6_r4	microcosm	microcosm	f50	b50	b	p6	r4	27F-NB15	1492R-NB06
S231	231	f75_b25_b_p6_r1	microcosm	microcosm	f75	b25	b	p6	r1	27F-NB15	1492R-NB07
S232	232	f75_b25_b_p6_r2	microcosm	microcosm	f75	b25	b	p6	r2	27F-NB15	1492R-NB08
S233	233	f75_b25_b_p6_r3	microcosm	microcosm	f75	b25	b	p6	r3	27F-NB15	1492R-NB09
S234	234	f75_b25_b_p6_r4	microcosm	microcosm	f75	b25	b	p6	r4	27F-NB15	1492R-NB10
S235	235	f100_b0_b_p6_r1	microcosm	microcosm	f100	b0	b	p6	r1	27F-NB15	1492R-NB11
S236	236	f100_b0_b_p6_r2	microcosm	microcosm	f100	b0	b	p6	r2	27F-NB15	1492R-NB12
S237	237	f100_b0_b_p6_r3	microcosm	microcosm	f100	b0	b	p6	r3	27F-NB15	1492R-NB13
S238	238	f100_b0_b_p6_r4	microcosm	microcosm	f100	b0	b	p6	r4	27F-NB15	1492R-NB14
S239	239	f0_b100_f_p6_r1	microcosm	microcosm	f0	b100	f	p6	r1	27F-NB15	1492R-NB15
S240	240	f0_b100_f_p6_r2	microcosm	microcosm	f0	b100	f	p6	r2	27F-NB15	1492R-NB16
S241	241	f0_b100_f_p6_r3	microcosm	microcosm	f0	b100	f	p6	r3	27F-NB16	1492R-NB01
S242	242	f0_b100_f_p6_r4	microcosm	microcosm	f0	b100	f	p6	r4	27F-NB16	1492R-NB02
S243	243	f25_b75_f_p6_r1	microcosm	microcosm	f25	b75	f	p6	r1	27F-NB16	1492R-NB03
S244	244	f25_b75_f_p6_r2	microcosm	microcosm	f25	b75	f	p6	r2	27F-NB16	1492R-NB04
S245	245	f25_b75_f_p6_r3	microcosm	microcosm	f25	b75	f	p6	r3	27F-NB16	1492R-NB05
S246	246	f25_b75_f_p6_r4	microcosm	microcosm	f25	b75	f	p6	r4	27F-NB16	1492R-NB06
S247	247	f50_b50_f_p6_r1	microcosm	microcosm	f50	b50	f	p6	r1	27F-NB16	1492R-NB07
S248	248	f50_b50_f_p6_r2	microcosm	microcosm	f50	b50	f	p6	r2	27F-NB16	1492R-NB08
S249	249	f50_b50_f_p6_r3	microcosm	microcosm	f50	b50	f	p6	r3	27F-NB16	1492R-NB09
S250	250	f50_b50_f_p6_r4	microcosm	microcosm	f50	b50	f	p6	r4	27F-NB16	1492R-NB10
S251	251	f75_b25_f_p6_r1	microcosm	microcosm	f75	b25	f	p6	r1	27F-NB16	1492R-NB11
S252	252	f75_b25_f_p6_r2	microcosm	microcosm	f75	b25	f	p6	r2	27F-NB16	1492R-NB12
S253	253	f75_b25_f_p6_r3	microcosm	microcosm	f75	b25	f	p6	r3	27F-NB16	1492R-NB13
S254	254	f75_b25_f_p6_r4	microcosm	microcosm	f75	b25	f	p6	r4	27F-NB16	1492R-NB14
S255	255	f100_b0_f_p6_r1	microcosm	microcosm	f100	b0	f	p6	r1	27F-NB16	1492R-NB15
S256	256	f100_b0_f_p6_r2	microcosm	microcosm	f100	b0	f	p6	r2	27F-NB16	1492R-NB16
S257	257	f100_b0_f_p6_r3	microcosm	microcosm	f100	b0	f	p6	r3	27F-NB17	1492R-NB01
S258	258	f100_b0_f_p6_r4	microcosm	microcosm	f100	b0	f	p6	r4	27F-NB17	1492R-NB02
S259	259	f0_b0_f_p6_r1	control	microcosm_control	f0	b0	f	p6	r1	27F-NB17	1492R-NB03
S260	260	f0_b0_b_p6_r1	control	microcosm_control	f0	b0	b	p6	r1	27F-NB17	1492R-NB04
S261	261	TEcontrol_r1	control	TEcontrol	control	control	control	TEcontrol	r1	27F-NB17	1492R-NB05
S262	262	TEcontrol_r2	control	TEcontrol	control	control	control	TEcontrol	r2	27F-NB17	1492R-NB06
S263	263	TEcontrol_r3	control	TEcontrol	control	control	control	TEcontrol	r3	27F-NB17	1492R-NB07
S264	264	EvenMock_r1	mock	EvenMock	control	control	control	EvenMock	r1	27F-NB17	1492R-NB08
S265	265	EvenMock_r2	mock	EvenMock	control	control	control	EvenMock	r2	27F-NB17	1492R-NB09
S266	266	EvenMock_r3	mock	EvenMock	control	control	control	EvenMock	r3	27F-NB17	1492R-NB10
S267	267	LogMock_r1	mock	LogMock	control	control	control	LogMock	r1	27F-NB17	1492R-NB11
S268	268	LogMock_r2	mock	LogMock	control	control	control	LogMock	r2	27F-NB17	1492R-NB12
S269	269	LogMock_r3	mock	LogMock	control	control	control	LogMock	r3	27F-NB17	1492R-NB13
S270	270	PCRcontrol_r1	control	PCRcontrol	control	control	control	PCRcontrol	r1	27F-NB17	1492R-NB14
S271	271	PCRcontrol_r2	control	PCRcontrol	control	control	control	PCRcontrol	r2	27F-NB17	1492R-NB15
S272	272	PCRcontrol_r3	control	PCRcontrol	control	control	control	PCRcontrol	r3	27F-NB17	1492R-NB16